id,Nom du propriétaire/ Owner Name,Nom du système / System Name,Ville/ City,Province (Anglais)/ Province (English),Province (Français) / Province (French),Code postal/ Postal Code,Type de propriétaire (Anglais) / Owner Type (English),Type de propriétaire (Français)/ Owner Type (French),Type d'exploitant (Anglais)/ Operator Type (English),Type d'exploitant  (Français) / Operator Type (French),Volume journalier moyen de l'effluent (m3) / Average Daily Effluent Volume (m3),Méthode de calcul (Anglais) / Method of Calculation (English),Méthode de calcul  (Français)/ Method of Calculation (French),Description de la méthode de calcul/ Description of Calculation Method,Indicateur - Utilisation de chlore (Anglais)/ Chlorine Use Indicator (English),Indicateur - Utilisation de chlore (Français) / Chlorine Use Indicator (French),Type du système (Anglais)/ System Type (English),Type du système (Français)/ System Type (French),Types de traitement (Anglais)/ Treatment Types (English),Types de traitement (Français)/ Treatment Types (French),Description des autres traitements / Other Treatment Description,Description du lieu de rejet (Anglais) / Discharge Place Description (English),Description du lieu de rejet (Français) / Discharge Place Description (French),Le temps de rétention hydraulique est-il de 5 jours ou plus? (Anglais)/ Is the hydraulic retention time 5 days or more? (English),Le temps de rétention hydraulique est-il de 5 jours ou plus? (Français) / Is the hydraulic retention time 5 days or more? (French),Fréquence de reportage (Anglais)/ Reporting Frequency (English),Fréquence de reportage (Français) / Reporting Frequency (French),Périodes decalcul (Anglais)/ Averaging Period (English),Périodes de calcul (Français) / Averaging Period (French),Latitude/ Latitude,Longitude/ Longitude,Statut de Vérification du point (Anglais)/ Verification status of the point (English),Statut de Vérification du point (Français)/ Verification status of the point (French),Type de point (Anglais)/ Type of Point (English),Type de point (Français) / Type of Point (French),Nom de la masse d'eau fréquentée par les poissons/ Name of body of water frequented by fish,Nom de la masse d'eau au point d'entrée/ Name of the water at point of entry,Description de l'utilisation de l'eau (Anglais)/ Description of use of water (English),Description de l'utilisation de l'eau (Français)/ Description of use of water (French),Description des eaux fréquentées par les poisons (Anglais) / Description of water frequented by fish (English),Description des eaux fréquentées par les poisons (Français)/ Description of water frequented by fish (French),État du système (Anglais)/ System status (English),État du système (Français)/ System status (French)
25801,City of Enderby,Enderby WWRP,Enderby,British Columbia,Colombie-Britannique,V0E1V0,Municipal or another local authority,Municipalité ou une autre autorité locale,Municipal or another local authority,Municipalité ou une autre autorité locale,2165,Continuous measure of effluent volume deposited via the final discharge point,Mesure en continu du volume d'effluent rejeté à partir du point de rejet final,,Yes,Oui,Continuous,Continu,"Grit Removal, Screening, Oxidation Ditch, Disinfection","Dessablage, Dégrillage, Chenal d'oxydation, Désinfection",,Effluent is deposited to water frequented by fish via the final discharge point,L'effluent est rejeté dans des eaux fréquentées par les poissons à partir du point de rejet final.,No,Non,Quarterly,Trimestriel,Annually,Trimestriel,50.5676,-119.1325,Estimated,Estimé,Final Discharge Point,Point de rejet final,Shuswap River,Shuswap River,Contact recreational (e.g. swimming),Contact récréatif (baignade),Watercourse with bulk flow ratio > 100,Cours d'eau avec un coefficient de débit brut > 100,operational,opérationnel
8497,City of Kamloops,Wastewater Treatment Centre,Kamloops,British Columbia,Colombie-Britannique,V2B5K1,Municipal or another local authority,Municipalité ou une autre autorité locale,Municipal or another local authority,Municipalité ou une autre autorité locale,28500,Continuous measure of effluent volume deposited via the final discharge point,Mesure en continu du volume d'effluent rejeté à partir du point de rejet final,,No,Non,Continuous,Continu,"Screening, Primary Sedimentation Clarification, Activated Sludge, Biological Nutrient Removal Nitrogen And Phosphorus, Disinfection","Dégrillage, Sédimentation clarification primaire, Boues activées,Élimination biologique des nutriments nutritifs (azote et phosphore), Désinfection",,Effluent is deposited to water frequented by fish via the final discharge point,L'effluent est rejeté dans des eaux fréquentées par les poissons à partir du point de rejet final.,No,Non,Quarterly,Trimestriel,Annually,Mensuel,50.6941,-120.4649,Verified,Vérifié,Final Discharge Point,Point de rejet final,Thompson River,Thompson River,Drinking water source,Source d'eau potable,Watercourse with bulk flow ratio > 100,Cours d'eau avec un coefficient de débit brut > 100,operational,opérationnel
10303,City of Kelowna,Wastewater Treatment Facility,Kelowna,British Columbia,Colombie-Britannique,V1Y4Z7,Municipal or another local authority,Municipalité ou une autre autorité locale,Municipal or another local authority,Municipalité ou une autre autorité locale,35370,Estimate based on the measured rate of influent flow,Estimations fondée sur le débit mesuré de l'affluent,,Yes,Oui,Continuous,Continu,"Grit Removal, Screening, Primary Sedimentation Clarification, Skimming, Biological Nutrient Removal Nitrogen And Phosphorus, Filtration, Disinfection","Dessablage, Dégrillage, Sédimentation clarification primaire, Écrémage,Élimination biologique des nutriments nutritifs (azote et phosphore), Filtration, Désinfection",,Effluent is deposited to water frequented by fish via the final discharge point,L'effluent est rejeté dans des eaux fréquentées par les poissons à partir du point de rejet final.,No,Non,Quarterly,Trimestriel,Annually,Mensuel,49.8631,-119.4852,Verified,Vérifié,Final Discharge Point,Point de rejet final,Okanagan Lake,Okanagan Lake,Other,Autre,Natural lake,Lac naturel,operational,opérationnel
25524,City of Merritt,City of Merritt Wastewater Treatment Facility,Merritt,British Columbia,Colombie-Britannique,V1K 1B8,Municipal or another local authority,Municipalité ou une autre autorité locale,Municipal or another local authority,Municipalité ou une autre autorité locale,2900,Estimate based on the measured rate of influent flow,Estimations fondée sur le débit mesuré de l'affluent,,No,Non,Continuous,Continu,"Grit Removal, Screening, Activated Sludge, Biological Nitrogen Removal Nitrification And Denitrification, Biological Phosphorus Removal, Biological Nutrient Removal Nitrogen And Phosphorus","Dessablage, Dégrillage, Boues activées,Élimination biologique de l'azote – Nitrification et dénitrification, Élimination biologique du phosphore,Élimination biologique des nutriments nutritifs (azote et phosphore)",,Effluent is deposited to water frequented by fish from a place where it was deposited via the final discharge point,L'effluent pénètre dans les eaux fréquentées par les poissons à partir d'un lieu où il a été rejeté à partir du point de rejet final.,No,Non,Non-applicable,Non applicable,Annually,Non Applicable,50.1141,-120.8083,Estimated,Estimé,Final Discharge Point,Point de rejet final,Coldwater River,Rapid Infiltration Basins,Sport fishing,Pêche sportive,Watercourse with bulk flow ratio >=10 and <=100,Cours d'eau avec un coefficient de débit brut >=10 et <=100,operational,opérationnel
10819,City of Penticton,Advanced Wastewater Treatment Plant,Penticton,British Columbia,Colombie-Britannique,V2A7J3,Municipal or another local authority,Municipalité ou une autre autorité locale,Municipal or another local authority,Municipalité ou une autre autorité locale,9100,Continuous measure of effluent volume deposited via the final discharge point,Mesure en continu du volume d'effluent rejeté à partir du point de rejet final,,No,Non,Continuous,Continu,"Grit Removal, Screening, Primary Sedimentation Clarification, Skimming, Biological Nutrient Removal Nitrogen And Phosphorus, Filtration, Disinfection","Dessablage, Dégrillage, Sédimentation clarification primaire, Écrémage,Élimination biologique des nutriments nutritifs (azote et phosphore), Filtration, Désinfection",,Effluent is deposited to water frequented by fish via the final discharge point,L'effluent est rejeté dans des eaux fréquentées par les poissons à partir du point de rejet final.,No,Non,Quarterly,Trimestriel,Annually,Trimestriel,49.484,-119.5996,Verified,Vérifié,Final Discharge Point,Point de rejet final,,,,,,,operational,opérationnel
23811,City of Salmon Arm WWTP,City of Salmon Arm WWTP,Salmon Arm,British Columbia,Colombie-Britannique,V1E 1W3,Municipal or another local authority,Municipalité ou une autre autorité locale,Municipal or another local authority,Municipalité ou une autre autorité locale,4400,Continuous measure of influent volume deposited via the final discharge point,Mesure en continu du volume d'affluent rejeté à partir du point de rejet final,,No,Non,Continuous,Continu,"Grit Removal, Screening, Primary Sedimentation Clarification, Skimming, Activated Sludge, Trickling Filter, Biological Nutrient Removal Nitrogen And Phosphorus, Disinfection","Dessablage, Dégrillage, Sédimentation clarification primaire, Écrémage, Boues activées, Lit bactérien,Élimination biologique des nutriments nutritifs (azote et phosphore), Désinfection",,Effluent is deposited to water frequented by fish via the final discharge point,L'effluent est rejeté dans des eaux fréquentées par les poissons à partir du point de rejet final.,No,Non,Quarterly,Trimestriel,Annually,Trimestriel,50.7015,-119.2911,Verified,Vérifié,Final Discharge Point,Point de rejet final,Shuswap lake,Salmon Arm Bay,Other,Autre,Natural lake,Lac naturel,operational,opérationnel
23317,City of Vernon,Vernon Water Reclamation Centre,Vernon,British Columbia,Colombie-Britannique,V1T 6W6,Municipal or another local authority,Municipalité ou une autre autorité locale,Municipal or another local authority,Municipalité ou une autre autorité locale,12400,Continuous measure of influent volume deposited via the final discharge point,Mesure en continu du volume d'affluent rejeté à partir du point de rejet final,,No,Non,Continuous,Continu,"Grit Removal, Screening, Primary Sedimentation Clarification, Skimming, Activated Sludge, Biological Nitrogen Removal Nitrification And Denitrification, Biological Phosphorus Removal, Biological Nutrient Removal Nitrogen And Phosphorus, Chemical Precipitation Phosphorus, Filtration, Disinfection","Dessablage, Dégrillage, Sédimentation clarification primaire, Écrémage, Boues activées,Élimination biologique de l'azote – Nitrification et dénitrification, Élimination biologique du phosphore,Élimination biologique des nutriments nutritifs (azote et phosphore), Précipitation chimique (phosphore), Filtration, Désinfection",,Effluent is deposited to water frequented by fish from a place where it was deposited via the final discharge point,L'effluent pénètre dans les eaux fréquentées par les poissons à partir d'un lieu où il a été rejeté à partir du point de rejet final.,No,Non,Quarterly,Trimestriel,Annually,Trimestriel,50.2558,-119.2989,Verified,Vérifié,Final Discharge Point,Point de rejet final,Okanagan Lake,Okanagan Lake,Other,Autre,Natural lake,Lac naturel,operational,opérationnel
25807,Corporation of the City of Grand Forks,Grand Forks Wastewater Treatment Plant,Grand Forks,British Columbia,Colombie-Britannique,V0H1H0,Municipal or another local authority,Municipalité ou une autre autorité locale,Municipal or another local authority,Municipalité ou une autre autorité locale,1200,Estimate based on the measured rate of effluent flow,Estimations fondée sur la mesure du débit de l'effluent,,No,Non,Continuous,Continu,"Grit Removal, Primary Sedimentation Clarification, Activated Sludge, Extended Aeration Activated Sludge, Lagoon Aerated, Lagoon Aerobic, Lagoon Facultative, Disinfection","Dessablage, Sédimentation clarification primaire, Boues activées,Boues activées par aération prolongée, Étangs Aérée, Étangs Aérobie, Étangs Facultative, Désinfection",,Effluent is deposited to water frequented by fish via the final discharge point,L'effluent est rejeté dans des eaux fréquentées par les poissons à partir du point de rejet final.,Yes,Oui,Annually,Annuel,Annually,Annuel,49.0247,-118.4313,Estimated,Estimé,Final Discharge Point,Point de rejet final,Kettle River,Kettle River,Contact recreational (e.g. swimming),Contact récréatif (baignade),Other,Autre,operational,opérationnel
23239,District of Lake Country,District of Lake Country WWTP,Lake Country,British Columbia,Colombie-Britannique,V4V1T5,Municipal or another local authority,Municipalité ou une autre autorité locale,Municipal or another local authority,Municipalité ou une autre autorité locale,1450,Continuous measure of effluent volume deposited via the final discharge point,Mesure en continu du volume d'effluent rejeté à partir du point de rejet final,,No,Non,Continuous,Continu,"Grit Removal, Screening, Primary Sedimentation Clarification, Skimming, Biological Nutrient Removal Nitrogen And Phosphorus","Dessablage, Dégrillage, Sédimentation clarification primaire, Écrémage,Élimination biologique des nutriments nutritifs (azote et phosphore)",,Effluent is deposited to water frequented by fish from a place where it was deposited via the final discharge point,L'effluent pénètre dans les eaux fréquentées par les poissons à partir d'un lieu où il a été rejeté à partir du point de rejet final.,No,Non,Non-applicable,Non applicable,Non-applicable,Non Applicable,50.0187,-119.36,Estimated,Estimé,Final Discharge Point,Point de rejet final,NA,Effluent Basin,Other,Autre,Other,Autre,operational,opérationnel
23217,Regional District of Central Okanagan,WESTSIDE REGIONAL WASTEWATER TREATMENT PLANT,WEST KELOWNA,British Columbia,Colombie-Britannique,V4T 2K3,Other,Autre,Other,Autre,9000,Continuous measure of effluent volume deposited via the final discharge point,Mesure en continu du volume d'effluent rejeté à partir du point de rejet final,,No,Non,Continuous,Continu,"Grit Removal, Screening, Chemical Flocculation, Primary Sedimentation Clarification, Skimming, Activated Sludge, Biological Nutrient Removal Nitrogen And Phosphorus, Chemical Precipitation Phosphorus, Filtration, Disinfection","Dessablage, Dégrillage, Floculation chimique, Sédimentation clarification primaire, Écrémage, Boues activées,Élimination biologique des nutriments nutritifs (azote et phosphore), Précipitation chimique (phosphore), Filtration, Désinfection",,Effluent is deposited to water frequented by fish via the final discharge point,L'effluent est rejeté dans des eaux fréquentées par les poissons à partir du point de rejet final.,No,Non,Quarterly,Trimestriel,Annually,Trimestriel,49.8135,-119.633,Verified,Vérifié,Final Discharge Point,Point de rejet final,OKANAGAN LAKE,PEBBLE BEACH,Contact recreational (e.g. swimming),Contact récréatif (baignade),Natural lake,Lac naturel,operational,opérationnel
23988,Regional District of Okanagan-Similkameen,Okanagan Falls Wastewater Treatment Plant,Okanagan Falls,British Columbia,Colombie-Britannique,V0H 1R0,Other,Autre,Other,Autre,700,Continuous measure of effluent volume deposited via the final discharge point,Mesure en continu du volume d'effluent rejeté à partir du point de rejet final,,No,Non,Continuous,Continu,"Screening, Primary Sedimentation Clarification, Skimming, Activated Sludge, Biological Nutrient Removal Nitrogen And Phosphorus, Filtration, Disinfection","Dégrillage, Sédimentation clarification primaire, Écrémage, Boues activées,Élimination biologique des nutriments nutritifs (azote et phosphore), Filtration, Désinfection",,Effluent is deposited to water frequented by fish via the final discharge point,L'effluent est rejeté dans des eaux fréquentées par les poissons à partir du point de rejet final.,No,Non,Quarterly,Trimestriel,Annually,Trimestriel,49.3237,-119.5681,Verified,Vérifié,Final Discharge Point,Point de rejet final,,,,,,,operational,opérationnel
23243,The Corporation of The District of Summerland,District of Summerland Wastewater Treatment Plant,Summerland,British Columbia,Colombie-Britannique,V0H1Z0,Municipal or another local authority,Municipalité ou une autre autorité locale,Municipal or another local authority,Municipalité ou une autre autorité locale,1900,Continuous measure of influent volume deposited via the final discharge point,Mesure en continu du volume d'affluent rejeté à partir du point de rejet final,,No,Non,Continuous,Continu,"Screening, Primary Sedimentation Clarification, Skimming, Biological Nutrient Removal Nitrogen And Phosphorus, Filtration, Disinfection","Dégrillage, Sédimentation clarification primaire, Écrémage,Élimination biologique des nutriments nutritifs (azote et phosphore), Filtration, Désinfection",,Effluent is deposited to water frequented by fish via the final discharge point,L'effluent est rejeté dans des eaux fréquentées par les poissons à partir du point de rejet final.,No,Non,Quarterly,Trimestriel,Annually,Trimestriel,49.5776,-119.639,Verified,Vérifié,Final Discharge Point,Point de rejet final,Okanagan Lake,Okanagan Lake,Drinking water source,Source d'eau potable,Natural lake,Lac naturel,operational,opérationnel
30561,Town of Princeton,Princeton Wastewater Treatment System,Princeton,British Columbia,Colombie-Britannique,V0X 1W0,Municipal or another local authority,Municipalité ou une autre autorité locale,Municipal or another local authority,Municipalité ou une autre autorité locale,1670,Continuous measure of influent volume deposited via the final discharge point,Mesure en continu du volume d'affluent rejeté à partir du point de rejet final,,No,Non,Continuous,Continu,Lagoon Aerated,Étangs Aérée,,Effluent is deposited to water frequented by fish from a place where it was deposited via the final discharge point,L'effluent pénètre dans les eaux fréquentées par les poissons à partir d'un lieu où il a été rejeté à partir du point de rejet final.,Yes,Oui,Annually,Annuel,Annually,Annuel,49.4611,-120.4789,Verified,Vérifié,Final Discharge Point,Point de rejet final,,,,,,,operational,opérationnel
25724,Village of Ashcroft,Village of Ashcroft Sewage Treatment Plant,Ashcroft,British Columbia,Colombie-Britannique,V0K 1A0,Municipal or another local authority,Municipalité ou une autre autorité locale,Municipal or another local authority,Municipalité ou une autre autorité locale,707,Estimate based on the measured rate of influent flow,Estimations fondée sur le débit mesuré de l'affluent,,No,Non,Continuous,Continu,"Grit Removal, Screening, Extended Aeration Activated Sludge, Other Treatment Type","Dessablage, Dégrillage,Boues activées par aération prolongée, Autres types de traitement",U/V treatment on discharge line,Effluent is deposited to water frequented by fish via the final discharge point,L'effluent est rejeté dans des eaux fréquentées par les poissons à partir du point de rejet final.,No,Non,Quarterly,Trimestriel,Annually,Trimestriel,50.7271,-121.2789,Estimated,Estimé,Final Discharge Point,Point de rejet final,Thompson River,Thompson River,Other,Autre,Watercourse with bulk flow ratio > 100,Cours d'eau avec un coefficient de débit brut > 100,operational,opérationnel
25338,Village of Lumby,Village of Lumby Sewer Treatment Plant,Lumby,British Columbia,Colombie-Britannique,V0E 2G7,Municipal or another local authority,Municipalité ou une autre autorité locale,Municipal or another local authority,Municipalité ou une autre autorité locale,441.4,Determined on the basis of the system's average design rate of influent flow,Déterminé à partir du débit de conception moyen d'affluent de ce système,,No,Non,Intermittent,Intermittent,"Primary Sedimentation Clarification, Lagoon Aerated, Lagoon Non Aerated, Storage Ponds, Other Treatment Type","Sédimentation clarification primaire, Étangs Aérée,Étangs Non aérée, Bassins de stockage, Autres types de traitement",UV,Effluent is deposited to water frequented by fish via the final discharge point,L'effluent est rejeté dans des eaux fréquentées par les poissons à partir du point de rejet final.,Yes,Oui,Annually,Annuel,Annually,Annuel,50.2567,-118.9606,Verified,Vérifié,Final Discharge Point,Point de rejet final,,,,,,,operational,opérationnel
29694,Village of Lytton,Wastewater Treatment Plant,Lytton,British Columbia,Colombie-Britannique,V0K1Z0,Municipal or another local authority,Municipalité ou une autre autorité locale,Municipal or another local authority,Municipalité ou une autre autorité locale,220,Estimate based on the measured rate of effluent flow,Estimations fondée sur la mesure du débit de l'effluent,,No,Non,Continuous,Continu,"Screening, Primary Sedimentation Clarification, Skimming, Extended Aeration Activated Sludge, Sequencing Batch Reactor, Biological Nutrient Removal Nitrogen And Phosphorus","Dégrillage, Sédimentation clarification primaire, Écrémage,Boues activées par aération prolongée, Réacteur séquentiel discontinu,Élimination biologique des nutriments nutritifs (azote et phosphore)",,Effluent is deposited to water frequented by fish via the final discharge point,L'effluent est rejeté dans des eaux fréquentées par les poissons à partir du point de rejet final.,No,Non,Quarterly,Trimestriel,Annually,Trimestriel,50.228,-121.5827,Estimated,Estimé,Final Discharge Point,Point de rejet final,Fraser River,Fraser River,Other,Autre,Watercourse with bulk flow ratio > 100,Cours d'eau avec un coefficient de débit brut > 100,operational,opérationnel
25851,Village of Midway,Wastewater Treatment Plant,Midway,British Columbia,Colombie-Britannique,V0H1M0,Municipal or another local authority,Municipalité ou une autre autorité locale,Municipal or another local authority,Municipalité ou une autre autorité locale,146,Continuous measure of effluent volume deposited via the final discharge point,Mesure en continu du volume d'effluent rejeté à partir du point de rejet final,,No,Non,Continuous,Continu,"Grit Removal, Screening, Extended Aeration Activated Sludge, Disinfection","Dessablage, Dégrillage,Boues activées par aération prolongée, Désinfection",,Effluent is deposited to water frequented by fish via the final discharge point,L'effluent est rejeté dans des eaux fréquentées par les poissons à partir du point de rejet final.,Yes,Oui,Annually,Annuel,Annually,Annuel,49.0015,-118.772,Verified,Vérifié,Final Discharge Point,Point de rejet final,,,,,,,operational,opérationnel
28103,Village of Valemount,Villlage of Valemount,Valemount,British Columbia,Colombie-Britannique,V0E2Z0,Municipal or another local authority,Municipalité ou une autre autorité locale,Municipal or another local authority,Municipalité ou une autre autorité locale,650,Continuous measure of influent volume deposited via the final discharge point,Mesure en continu du volume d'affluent rejeté à partir du point de rejet final,,No,Non,Continuous,Continu,"Screening, Primary Sedimentation Clarification, Skimming, Activated Sludge, Extended Aeration Activated Sludge, Lagoon Aerated, Polishing Ponds, Other Treatment Type","Dégrillage, Sédimentation clarification primaire, Écrémage, Boues activées,Boues activées par aération prolongée, Étangs Aérée, Polishing Ponds, Autres types de traitement",U.V.,Effluent is deposited to water frequented by fish from a place where it was deposited via the final discharge point,L'effluent pénètre dans les eaux fréquentées par les poissons à partir d'un lieu où il a été rejeté à partir du point de rejet final.,Yes,Oui,Annually,Annuel,Annually,Annuel,52.8195,-119.259,Verified,Vérifié,Final Discharge Point,Point de rejet final,None,Cranberry Marsh,Other,Autre,Natural wetland,Milieu humide naturel,operational,opérationnel
