REF_DATE,GEO,VALUE,STATUS
2013,Pacific Coast,929707,A
2013,Fraser Lower Mainland,2714146,A
2013,Okanagan Similkameen,267437,A
2013,Columbia,71578,A
2013,Yukon,25341,A
2013,Peace Athabasca,289593,A
2013,Lower Mackenzie,7880,A
2014,Pacific Coast,985773,A
2014,Fraser Lower Mainland,2738375,A
2014,Okanagan Similkameen,270827,A
2014,Columbia,72112,A
2014,Yukon,25714,A
2014,Peace Athabasca,292840,A
2014,Lower Mackenzie,7870,A
2015,Pacific Coast,993409,A
2015,Fraser Lower Mainland,2762508,A
2015,Okanagan Similkameen,274217,A
2015,Columbia,72635,A
2015,Yukon,26087,A
2015,Peace Athabasca,291603,A
2015,Lower Mackenzie,7787,A
2016,Pacific Coast,1007688,A
2016,Fraser Lower Mainland,2788258,A
2016,Okanagan Similkameen,277629,A
2016,Columbia,73157,A
2016,Yukon,26460,A
2016,Peace Athabasca,284718,A
2016,Lower Mackenzie,7777,A
2017,Pacific Coast,1016627,A
2017,Fraser Lower Mainland,2807819,A
2017,Okanagan Similkameen,281041,A
2017,Columbia,73679,A
2017,Yukon,26833,A
2017,Peace Athabasca,287584,A
2017,Lower Mackenzie,7767,A
2018,Pacific Coast,1025787,A
2018,Fraser Lower Mainland,2827380,A
2018,Okanagan Similkameen,284453,A
2018,Columbia,74201,A
2018,Yukon,27206,A
2018,Peace Athabasca,291467,A
2018,Lower Mackenzie,7757,A
2019,Pacific Coast,1034712,A
2019,Fraser Lower Mainland,2846941,A
2019,Okanagan Similkameen,287865,A
2019,Columbia,74723,A
2019,Yukon,27579,A
2019,Peace Athabasca,294934,A
2019,Lower Mackenzie,7747,A
2020,Pacific Coast,1051605,A
2020,Fraser Lower Mainland,2866502,A
2020,Okanagan Similkameen,291277,A
2020,Columbia,75245,A
2020,Yukon,27952,A
2020,Peace Athabasca,298409,A
2020,Lower Mackenzie,7737,A
2021,Pacific Coast,1066489,A
2021,Fraser Lower Mainland,2900911,A
2021,Okanagan Similkameen,297000,A
2021,Columbia,76169,A
2021,Yukon,28589,A
2021,Peace Athabasca,302414,A
2021,Lower Mackenzie,7461,A
2022,Pacific Coast,1076330,A
2022,Fraser Lower Mainland,2935319,A
2022,Okanagan Similkameen,302723,A
2022,Columbia,77093,A
2022,Yukon,29226,A
2022,Peace Athabasca,312480,A
2022,Lower Mackenzie,7184,A
2023,Pacific Coast,1085617,A
2023,Fraser Lower Mainland,2969728,A
2023,Okanagan Similkameen,308446,A
2023,Columbia,78017,A
2023,Yukon,29863,A
2023,Peace Athabasca,314912,A
2023,Lower Mackenzie,6908,A
2024,Pacific Coast,1193272,A
2024,Fraser Lower Mainland,3004136,A
2024,Okanagan Similkameen,314172,A
2024,Columbia,80522,A
2024,Yukon,30500,A
2024,Peace Athabasca,315117,A
2024,Lower Mackenzie,6632,A
